id,first_name,last_name,email,gender,ip_address,ssn,duns,catch_phrase
1,Bonnie,Weaver,bweaver0@buzzfeed.com,Female,24.105.12.105,615-51-4711,62-163-1533,Stand-alone 24/7 Graphical User Interface
2,Joshua,Coleman,jcoleman1@behance.net,Male,90.192.214.48,721-98-3082,80-809-5157,Inverse global knowledge user
3,Wayne,Rodriguez,wrodriguez2@theguardian.com,Male,171.173.157.116,925-24-1498,16-758-0152,User-centric intangible moratorium
4,Eric,Nguyen,enguyen3@xrea.com,Male,94.110.128.228,662-31-1462,43-329-3434,Balanced neutral strategy
5,Carolyn,Kennedy,ckennedy4@salon.com,Female,247.183.105.0,250-92-5412,60-754-9250,Monitored multi-tasking adapter
6,Rebecca,Webb,rwebb5@europa.eu,Female,70.176.27.215,739-95-9116,97-528-1899,Polarised object-oriented access
7,Kathy,Murphy,kmurphy6@wunderground.com,Female,6.207.42.13,819-28-2469,97-880-3677,Advanced zero tolerance software
8,Peter,Murphy,pmurphy7@bloglines.com,Male,99.230.49.10,825-94-2107,51-204-4722,Future-proofed maximized functionalities
9,Jeffrey,Frazier,jfrazier8@hubpages.com,Male,99.23.112.28,837-76-8145,20-333-7207,Implemented interactive protocol
10,Irene,Torres,itorres9@newyorker.com,Female,30.49.181.49,947-33-2130,13-701-9377,Stand-alone 6th generation synergy
11,Steve,Greene,sgreenea@webs.com,Male,130.239.84.76,452-17-0870,44-755-6434,Team-oriented attitude-oriented methodology
12,Martin,Parker,mparkerb@nyu.edu,Male,143.108.89.107,159-05-3512,70-833-4280,Quality-focused 6th generation ability
13,Carolyn,Murray,cmurrayc@macromedia.com,Female,70.46.144.42,149-62-9108,87-808-5533,Universal tertiary solution
14,Bobby,Fowler,bfowlerd@devhub.com,Male,211.159.187.239,827-38-2494,93-407-9801,Vision-oriented 24 hour hierarchy
15,Frances,Welch,fwelche@bluehost.com,Female,173.72.57.225,134-44-4238,74-099-4038,Re-contextualized radical algorithm
16,Gerald,Alexander,galexanderf@live.com,Male,247.48.199.131,326-76-1040,74-045-6187,Networked holistic moratorium
17,Phillip,Burke,pburkeg@infoseek.co.jp,Male,138.206.241.252,329-27-1626,61-091-9419,Ergonomic holistic encoding
18,Steven,Marshall,smarshallh@mapy.cz,Male,197.186.82.60,599-44-7269,12-418-2314,Decentralized 5th generation benchmark
19,Sarah,Morrison,smorrisoni@tiny.cc,Female,126.233.24.1,805-74-8780,47-085-9249,Future-proofed national benchmark
20,Jonathan,Hicks,jhicksj@deviantart.com,Male,177.157.82.77,526-00-8347,66-510-4468,Enterprise-wide eco-centric open system
21,Julie,Phillips,jphillipsk@usatoday.com,Female,103.179.190.40,270-75-0601,49-282-9768,Virtual methodical Graphic Interface
22,Amanda,Rose,arosel@sakura.ne.jp,Female,227.118.112.211,428-09-9969,64-481-1404,Public-key eco-centric database
23,Ryan,Wilson,rwilsonm@admin.ch,Male,154.224.46.68,975-94-9526,47-519-4417,Horizontal object-oriented knowledge base
24,Diane,Fernandez,dfernandezn@stanford.edu,Female,91.53.3.187,444-06-4129,41-172-2273,De-engineered modular application
25,Timothy,Alexander,talexandero@wikia.com,Male,113.45.225.65,904-99-8097,72-453-6566,Secured maximized monitoring
26,Harry,Gray,hgrayp@digg.com,Male,221.109.58.90,108-21-2744,64-304-2871,User-friendly solution-oriented internet solution
27,Angela,Washington,awashingtonq@nydailynews.com,Female,120.146.68.84,469-43-7760,98-639-3533,Down-sized bandwidth-monitored complexity
28,Bobby,Wells,bwellsr@nymag.com,Male,239.152.125.227,763-43-6155,09-845-0450,Monitored scalable matrices
29,Janet,Phillips,jphillipss@xinhuanet.com,Female,14.235.240.123,608-50-4778,80-869-9752,Focused user-facing workforce
30,Angela,Davis,adavist@jigsy.com,Female,14.44.24.162,524-99-0787,04-871-7351,Function-based motivating framework
31,Benjamin,Burton,bburtonu@google.com.hk,Male,245.208.181.71,359-05-8525,57-381-7625,Re-contextualized multi-tasking intranet
32,Deborah,Powell,dpowellv@free.fr,Female,123.129.199.97,787-09-9429,04-743-6988,Synergistic executive initiative
33,Patrick,Evans,pevansw@ca.gov,Male,88.107.130.122,291-11-2907,61-478-5439,Persevering analyzing artificial intelligence
34,Richard,Stone,rstonex@smugmug.com,Male,80.138.198.233,365-71-0995,21-480-2609,Self-enabling hybrid focus group
35,Karen,Duncan,kduncany@sogou.com,Female,242.136.17.27,663-12-1864,89-504-6939,Visionary multi-state Graphical User Interface
36,Victor,Mills,vmillsz@webs.com,Male,165.157.25.11,411-84-9304,32-973-2824,Ergonomic fresh-thinking system engine
37,Evelyn,Hamilton,ehamilton10@vinaora.com,Female,243.68.229.52,885-53-0866,17-791-7740,Universal real-time frame
38,Beverly,Bishop,bbishop11@taobao.com,Female,96.198.39.127,306-53-4329,76-246-6314,Pre-emptive bi-directional methodology
39,Betty,Meyer,bmeyer12@sourceforge.net,Female,99.61.142.174,388-74-9872,14-319-2728,Integrated logistical software
40,Kathleen,Allen,kallen13@wunderground.com,Female,205.9.234.165,808-29-4618,44-755-8196,Managed multimedia hardware
41,Evelyn,Phillips,ephillips14@bing.com,Female,168.101.200.31,819-66-4913,19-950-4715,Reverse-engineered client-driven attitude
42,Katherine,Arnold,karnold15@earthlink.net,Female,93.214.160.136,538-75-7157,31-740-2631,Organized 3rd generation info-mediaries
43,Rebecca,Romero,rromero16@techcrunch.com,Female,106.130.53.115,167-83-8054,92-221-5260,Future-proofed 3rd generation archive
44,Dennis,Chapman,dchapman17@storify.com,Male,142.175.121.216,682-06-4285,95-482-7145,Object-based 3rd generation workforce
45,Robert,Taylor,rtaylor18@sciencedaily.com,Male,200.252.94.98,328-88-0470,49-260-1375,Profound bottom-line firmware
46,Cynthia,Woods,cwoods19@printfriendly.com,Female,171.72.232.54,743-63-1139,46-491-0969,Up-sized solution-oriented instruction set
47,Teresa,Foster,tfoster1a@surveymonkey.com,Female,7.117.69.174,756-86-0746,64-222-2464,Adaptive bifurcated initiative
48,Sandra,Wilson,swilson1b@indiatimes.com,Female,42.121.209.47,804-03-2982,12-913-1427,Inverse demand-driven array
49,Edward,Kelly,ekelly1c@uol.com.br,Male,200.203.203.246,773-78-3621,19-219-5221,Re-engineered maximized array
50,Janet,Kelly,jkelly1d@last.fm,Female,231.239.120.190,754-81-5492,46-724-6734,Enterprise-wide well-modulated definition
51,Christopher,Hunter,chunter1e@istockphoto.com,Male,117.20.102.129,454-48-5070,16-674-4126,Cross-platform leading edge migration
52,Melissa,Palmer,mpalmer1f@reference.com,Female,13.106.3.71,469-47-3440,03-775-2812,Quality-focused tertiary moratorium
53,Theresa,Kim,tkim1g@php.net,Female,236.168.37.114,609-54-9926,48-246-6273,Adaptive even-keeled standardization
54,Jack,Freeman,jfreeman1h@lulu.com,Male,220.58.9.194,399-60-1766,85-701-3580,Enterprise-wide web-enabled approach
55,Sandra,Young,syoung1i@istockphoto.com,Female,167.152.42.58,672-13-3079,17-898-6151,Customizable didactic support
56,Jessica,Romero,jromero1j@adobe.com,Female,192.201.7.25,243-97-1997,44-116-9523,Configurable background projection
57,Anthony,Duncan,aduncan1k@phpbb.com,Male,0.162.191.43,305-09-1764,67-914-8838,Profit-focused interactive service-desk
58,Janet,Allen,jallen1l@ocn.ne.jp,Female,237.48.208.127,689-74-1331,86-181-0851,Cross-platform multimedia productivity
59,Cheryl,Medina,cmedina1m@pen.io,Female,48.167.66.57,665-49-6510,48-802-0446,Expanded 24/7 Graphical User Interface
60,Jessica,Allen,jallen1n@blogtalkradio.com,Female,136.163.19.174,487-04-5249,36-707-7918,Visionary eco-centric database
61,Samuel,Hunt,shunt1o@umn.edu,Male,254.57.135.79,612-09-0519,09-410-0149,Focused directional capacity
62,Chris,Rodriguez,crodriguez1p@seattletimes.com,Male,240.197.182.221,688-16-3313,62-790-8412,Persevering asymmetric analyzer
63,Michael,Torres,mtorres1q@linkedin.com,Male,162.134.24.27,296-83-8458,60-371-7566,Customizable local internet solution
64,Andrea,Oliver,aoliver1r@microsoft.com,Female,224.244.110.121,424-35-3850,45-420-0864,Programmable eco-centric knowledge user
65,Johnny,Hunt,jhunt1s@theatlantic.com,Male,69.94.213.203,506-28-8977,00-610-6292,Horizontal methodical application
66,Timothy,Reed,treed1t@squarespace.com,Male,252.170.250.228,170-48-8928,36-937-0038,Enhanced background throughput
67,William,Hansen,whansen1u@newyorker.com,Male,188.7.142.54,990-45-9722,71-553-7644,Synergistic tangible core
68,Craig,Walker,cwalker1v@lulu.com,Male,198.231.6.45,783-57-8186,01-618-4302,Grass-roots 24/7 capability
69,Harold,Black,hblack1w@over-blog.com,Male,254.160.76.100,273-93-5900,91-808-7043,Reduced content-based hierarchy
70,Nicholas,Wood,nwood1x@nymag.com,Male,8.164.14.244,711-72-0202,03-197-4625,Cloned motivating application
71,Lois,Bennett,lbennett1y@eventbrite.com,Female,252.232.124.142,143-83-0303,42-307-9387,Configurable contextually-based internet solution
72,Randy,Peterson,rpeterson1z@fema.gov,Male,246.103.11.42,296-85-8448,42-251-5411,Universal homogeneous service-desk
73,Barbara,Riley,briley20@admin.ch,Female,85.141.21.16,892-75-7044,85-322-8639,Expanded directional budgetary management
74,Thomas,Jenkins,tjenkins21@senate.gov,Male,166.199.230.63,190-48-6490,90-659-7420,Upgradable background initiative
75,Jason,Carpenter,jcarpenter22@hubpages.com,Male,235.211.204.84,410-12-5702,05-957-6916,Inverse logistical knowledge base
76,Todd,Welch,twelch23@livejournal.com,Male,233.121.66.242,209-36-2204,68-446-6190,Mandatory next generation capability
77,Patrick,Murray,pmurray24@parallels.com,Male,84.245.125.201,687-09-0392,53-625-4340,Secured national analyzer
78,Lois,Stone,lstone25@nps.gov,Female,75.188.106.112,359-10-3362,21-854-5329,Total intermediate task-force
79,Jimmy,Cooper,jcooper26@vinaora.com,Male,189.70.224.158,348-55-0269,48-844-7274,Realigned discrete functionalities
80,Alice,Morales,amorales27@vimeo.com,Female,78.141.62.64,480-92-4327,50-427-7932,Organic non-volatile support
81,Benjamin,George,bgeorge28@about.me,Male,60.2.190.196,320-34-7149,43-169-3592,Switchable homogeneous monitoring
82,Judy,Burton,jburton29@icq.com,Female,53.165.235.212,104-84-6657,21-704-8585,Digitized intangible projection
83,Jack,Robertson,jrobertson2a@github.com,Male,192.200.248.81,266-69-0619,29-496-9005,Multi-tiered solution-oriented interface
84,Beverly,Cruz,bcruz2b@yolasite.com,Female,45.85.11.241,629-23-5270,83-321-8472,Cross-group systemic process improvement
85,Terry,Ford,tford2c@clickbank.net,Male,5.150.200.198,389-09-1100,69-972-9652,Configurable homogeneous throughput
86,Harry,Dixon,hdixon2d@sakura.ne.jp,Male,17.237.2.200,340-83-1908,53-939-8471,Profound clear-thinking attitude
87,Julie,Watkins,jwatkins2e@census.gov,Female,93.168.166.99,183-07-7580,49-738-5944,Extended foreground budgetary management
88,Christine,Gonzales,cgonzales2f@yahoo.com,Female,126.136.11.173,778-37-8219,37-950-3508,Object-based background conglomeration
89,Samuel,Walker,swalker2g@mayoclinic.com,Male,167.157.15.111,426-01-4342,22-368-5681,Digitized static encoding
90,Cheryl,Gibson,cgibson2h@blog.com,Female,181.119.30.110,807-06-4135,50-906-6217,Right-sized incremental function
91,Benjamin,Bryant,bbryant2i@europa.eu,Male,90.4.109.197,883-47-3229,25-577-0212,Adaptive multi-tasking firmware
92,Samuel,Williamson,swilliamson2j@liveinternet.ru,Male,199.122.203.142,304-92-0821,95-474-0955,Organized background pricing structure
93,Craig,Bryant,cbryant2k@quantcast.com,Male,58.166.14.61,695-85-4274,64-749-5183,Decentralized coherent collaboration
94,Philip,Nelson,pnelson2l@cam.ac.uk,Male,13.75.181.111,946-85-7030,54-960-1955,Organic asymmetric support
95,Jack,Watson,jwatson2m@eepurl.com,Male,104.160.106.201,667-97-9575,96-395-1946,Horizontal client-driven standardization
96,Brandon,Rogers,brogers2n@blogspot.com,Male,229.26.71.22,817-08-6816,73-244-7782,Multi-layered hybrid knowledge user
97,Martha,Austin,maustin2o@facebook.com,Female,22.174.103.50,958-36-0996,18-544-5858,Innovative optimal intranet
98,Diana,Meyer,dmeyer2p@nsw.gov.au,Female,72.140.83.30,352-22-7354,41-406-6378,Distributed multimedia installation
99,Gregory,Ray,gray2q@deviantart.com,Male,98.242.72.14,237-52-5603,18-444-9547,Team-oriented interactive open architecture
100,David,Lane,dlane2r@biblegateway.com,Male,136.71.253.21,263-29-9416,90-411-6928,Virtual coherent process improvement
101,Steve,Patterson,spatterson2s@addthis.com,Male,3.95.94.99,417-26-9642,68-248-4190,Realigned attitude-oriented installation
102,James,Hughes,jhughes2t@issuu.com,Male,68.197.180.241,667-33-0414,85-132-5116,Up-sized fault-tolerant archive
103,Richard,Kelly,rkelly2u@stumbleupon.com,Male,108.233.247.122,982-48-8198,53-989-7522,Horizontal non-volatile parallelism
104,Aaron,Gibson,agibson2v@themeforest.net,Male,9.126.254.45,401-93-9878,76-649-2409,Realigned global strategy
105,Philip,Harvey,pharvey2w@storify.com,Male,78.203.199.1,982-87-2520,84-579-8553,Synergized neutral info-mediaries
106,Denise,Olson,dolson2x@disqus.com,Female,169.183.73.250,906-82-6599,36-272-7658,Reduced neutral collaboration
107,Louise,Martin,lmartin2y@nsw.gov.au,Female,13.152.4.192,310-67-1732,25-819-7942,Operative needs-based definition
108,Nicholas,Thomas,nthomas2z@toplist.cz,Male,115.170.249.58,110-89-4023,93-528-9650,Multi-tiered multimedia artificial intelligence
109,Barbara,Day,bday30@stanford.edu,Female,73.228.30.80,790-20-4533,62-234-0727,Object-based foreground conglomeration
110,Terry,Dixon,tdixon31@opensource.org,Male,250.165.254.233,260-39-1259,96-493-6008,Multi-tiered maximized instruction set
111,Jessica,Armstrong,jarmstrong32@princeton.edu,Female,124.141.137.103,146-71-5844,56-358-7335,Future-proofed transitional artificial intelligence
112,James,Reed,jreed33@devhub.com,Male,1.125.64.41,735-45-9126,88-785-2119,Distributed multi-state contingency
113,Earl,Sanchez,esanchez34@plala.or.jp,Male,127.34.114.122,619-59-9275,84-674-3197,Progressive upward-trending focus group
114,Jeffrey,Wood,jwood35@moonfruit.com,Male,89.211.103.88,464-34-4911,70-029-2850,Expanded hybrid leverage
115,Patricia,Alexander,palexander36@diigo.com,Female,80.168.174.78,744-84-0448,20-763-2936,Mandatory next generation success
116,Emily,Reed,ereed37@indiegogo.com,Female,48.3.212.53,404-81-7872,40-126-4970,Organic needs-based customer loyalty
117,Brian,Wallace,bwallace38@tiny.cc,Male,112.203.186.185,656-07-9977,77-217-2945,Extended explicit data-warehouse
118,Jean,Webb,jwebb39@nydailynews.com,Female,194.218.38.222,270-42-5669,14-178-5963,Seamless didactic system engine
119,Stephen,Fox,sfox3a@thetimes.co.uk,Male,168.216.141.141,238-01-1165,14-821-9537,Optimized fresh-thinking service-desk
120,Jennifer,Wood,jwood3b@i2i.jp,Female,118.203.65.176,528-82-0301,28-613-1464,Up-sized user-facing open architecture
121,Antonio,Greene,agreene3c@bloomberg.com,Male,201.114.149.100,681-39-7080,71-496-5926,Upgradable directional frame
122,Nicholas,Stone,nstone3d@google.cn,Male,48.68.23.217,384-98-7525,42-912-1711,Expanded eco-centric circuit
123,John,Austin,jaustin3e@parallels.com,Male,200.73.117.50,300-70-2642,22-744-5517,Enhanced logistical database
124,William,Mitchell,wmitchell3f@tumblr.com,Male,100.55.98.83,368-45-9475,90-050-2808,Customizable optimal orchestration
125,Susan,Simpson,ssimpson3g@amazon.co.uk,Female,97.87.117.147,117-22-9651,88-506-8029,User-centric intermediate protocol
126,Carol,Stone,cstone3h@dion.ne.jp,Female,41.50.246.224,819-52-5220,89-557-9410,Mandatory user-facing knowledge user
127,Lawrence,Schmidt,lschmidt3i@prweb.com,Male,33.78.51.210,401-95-2891,10-620-0767,Monitored bandwidth-monitored internet solution
128,Janice,Cooper,jcooper3j@cisco.com,Female,108.222.11.119,719-25-9484,25-555-4533,Proactive 3rd generation leverage
129,Carol,Diaz,cdiaz3k@bloomberg.com,Female,142.98.157.33,410-35-4476,75-788-5641,Right-sized clear-thinking knowledge user
130,Philip,Kelly,pkelly3l@arstechnica.com,Male,47.201.1.252,854-20-8346,80-001-4069,Seamless national throughput
131,George,Powell,gpowell3m@meetup.com,Male,149.85.104.162,126-07-1456,04-003-9396,Customer-focused impactful contingency
132,Scott,Davis,sdavis3n@walmart.com,Male,120.60.78.13,916-44-7305,94-172-2449,Down-sized asymmetric standardization
133,Maria,Cook,mcook3o@slideshare.net,Female,196.169.2.196,809-55-6690,87-204-0301,Focused heuristic software
134,Rose,Ray,rray3p@hubpages.com,Female,19.29.83.189,825-30-3554,96-610-8871,Cloned system-worthy Graphical User Interface
135,Chris,Watkins,cwatkins3q@si.edu,Male,58.108.226.1,657-01-7605,36-353-9800,Profound grid-enabled capacity
136,Sara,Green,sgreen3r@parallels.com,Female,249.233.255.68,401-40-4220,96-409-9560,Team-oriented optimal orchestration
137,Amy,Rice,arice3s@china.com.cn,Female,237.164.238.111,911-63-9812,11-988-9740,Decentralized secondary initiative
138,Denise,Butler,dbutler3t@reverbnation.com,Female,155.223.167.169,578-54-7050,06-660-0895,Fundamental asymmetric encoding
139,Angela,Stephens,astephens3u@uiuc.edu,Female,54.0.60.38,574-61-1652,88-801-6184,Proactive multimedia matrix
140,Jean,Hart,jhart3v@si.edu,Female,127.122.177.133,866-48-8274,92-063-3122,Triple-buffered dedicated concept
141,Johnny,Ford,jford3w@wired.com,Male,143.215.102.39,966-98-5340,49-983-0722,Inverse transitional methodology
142,Lisa,Adams,ladams3x@furl.net,Female,154.6.128.70,206-05-3904,83-534-1595,Exclusive neutral artificial intelligence
143,Harold,Flores,hflores3y@tinypic.com,Male,70.178.196.26,753-76-3376,43-444-3806,Centralized background software
144,Harold,Baker,hbaker3z@illinois.edu,Male,90.197.183.18,657-87-2119,67-546-1805,Front-line holistic monitoring
145,Ruby,Stephens,rstephens40@wiley.com,Female,58.221.59.200,211-29-0486,41-116-0259,Synergized static matrices
146,Russell,Bryant,rbryant41@noaa.gov,Male,198.203.194.64,806-45-6303,56-209-2917,Multi-tiered eco-centric capacity
147,Gregory,Owens,gowens42@ebay.co.uk,Male,89.83.78.206,558-72-1642,58-744-2020,Reverse-engineered transitional monitoring
148,Carlos,Hill,chill43@amazon.co.jp,Male,73.158.151.254,848-64-2879,79-753-3585,Phased homogeneous migration
149,Sharon,Henry,shenry44@narod.ru,Female,106.45.245.40,120-78-0114,75-778-0735,Robust zero defect artificial intelligence
150,Mary,Wood,mwood45@bbb.org,Female,128.164.155.246,197-46-7639,03-588-0757,Front-line high-level contingency
151,Philip,Fowler,pfowler46@devhub.com,Male,222.206.44.139,280-03-9358,81-984-3945,Advanced zero tolerance architecture
152,Paul,Spencer,pspencer47@blogtalkradio.com,Male,67.108.98.27,348-11-7370,35-304-6396,Reactive scalable database
153,Steven,Marshall,smarshall48@businessweek.com,Male,182.92.160.223,275-06-3056,30-377-7250,Networked 24/7 Graphical User Interface
154,Amanda,Nichols,anichols49@prnewswire.com,Female,24.25.99.153,167-81-6217,56-293-1077,Configurable executive definition
155,Fred,James,fjames4a@amazon.de,Male,187.233.134.184,464-22-2736,02-239-9131,Customer-focused grid-enabled model
156,Virginia,Brown,vbrown4b@home.pl,Female,158.205.252.138,449-34-5085,26-145-7277,Exclusive global flexibility
157,Shirley,Moreno,smoreno4c@wiley.com,Female,166.22.198.221,764-53-8317,48-323-7164,Streamlined web-enabled structure
158,Brandon,Marshall,bmarshall4d@xing.com,Male,120.55.201.61,447-03-8403,73-017-5485,Optional actuating productivity
159,Annie,Gonzales,agonzales4e@de.vu,Female,141.100.30.149,797-56-1984,83-442-7070,Reduced foreground customer loyalty
160,Annie,Nelson,anelson4f@multiply.com,Female,166.135.207.121,107-70-4762,55-091-0589,Right-sized mobile circuit
161,Nicole,Harris,nharris4g@wunderground.com,Female,250.16.138.125,923-38-6000,65-549-1782,Adaptive actuating approach
162,Ruth,Hill,rhill4h@ehow.com,Female,13.185.135.175,849-84-6934,52-026-4724,Face to face mobile application
163,Barbara,King,bking4i@sciencedaily.com,Female,21.233.65.88,825-77-8471,04-257-2650,Customer-focused incremental archive
164,Kathleen,Hicks,khicks4j@etsy.com,Female,103.129.73.55,212-12-4735,11-165-1003,Synergistic static contingency
165,Joshua,Alvarez,jalvarez4k@parallels.com,Male,180.145.101.162,733-25-1972,18-001-3277,Optimized 4th generation application
166,Lisa,Perez,lperez4l@ed.gov,Female,45.106.89.51,967-02-7613,88-160-4127,Ameliorated scalable solution
167,Randy,Dean,rdean4m@samsung.com,Male,103.168.55.39,928-96-4152,68-131-2345,Programmable 24/7 array
168,Linda,Thomas,lthomas4n@cargocollective.com,Female,254.10.52.209,135-23-0113,23-415-5124,Decentralized impactful policy
169,Cynthia,Russell,crussell4o@google.nl,Female,159.210.166.239,548-51-4000,99-806-9824,Triple-buffered multi-tasking parallelism
170,Margaret,Hansen,mhansen4p@umich.edu,Female,234.14.206.194,706-38-8469,45-012-6416,Horizontal grid-enabled throughput
171,Russell,Banks,rbanks4q@bbb.org,Male,206.215.184.104,391-55-2217,77-513-2006,Re-contextualized 3rd generation intranet
172,Victor,Reyes,vreyes4r@facebook.com,Male,100.119.104.250,120-15-0143,72-422-9737,Implemented client-server moderator
173,Robert,Morrison,rmorrison4s@xing.com,Male,216.70.62.174,598-57-8598,71-200-5830,Self-enabling directional extranet
174,Aaron,Martinez,amartinez4t@engadget.com,Male,161.97.184.159,567-31-2009,49-249-8354,Centralized 24/7 initiative
175,Matthew,Ramos,mramos4u@uol.com.br,Male,158.45.34.178,332-00-6019,78-669-1875,Function-based grid-enabled groupware
176,Ashley,Morris,amorris4v@businessinsider.com,Female,180.11.60.210,773-84-3901,33-138-9575,Balanced uniform groupware
177,Lori,Lynch,llynch4w@tmall.com,Female,63.130.219.159,139-82-8255,46-865-2518,Assimilated composite leverage
178,Marie,Bowman,mbowman4x@time.com,Female,163.244.76.185,416-66-5185,26-888-0627,Open-source bifurcated encryption
179,Helen,Gonzales,hgonzales4y@abc.net.au,Female,166.79.116.169,961-95-0022,25-323-1141,Organic value-added initiative
180,Victor,Kennedy,vkennedy4z@miibeian.gov.cn,Male,170.201.254.182,929-92-6940,38-903-2604,Multi-channelled client-server array
181,Ann,Chapman,achapman50@elegantthemes.com,Female,94.122.224.241,780-29-9856,20-898-9988,Extended object-oriented open system
182,Keith,Lawrence,klawrence51@cyberchimps.com,Male,189.146.67.188,608-24-7800,89-864-3021,Networked bifurcated service-desk
183,Joyce,Wood,jwood52@google.nl,Female,156.233.225.23,182-20-8027,55-374-6288,Customizable empowering algorithm
184,Stephanie,Jones,sjones53@patch.com,Female,109.125.236.68,638-93-2321,71-280-7655,Decentralized uniform solution
185,Kathryn,Johnson,kjohnson54@omniture.com,Female,216.231.194.211,974-58-0931,66-607-9681,Extended bi-directional flexibility
186,Martin,Garcia,mgarcia55@npr.org,Male,243.176.11.101,882-73-6557,13-499-7199,Function-based regional archive
187,Jonathan,Wells,jwells56@dell.com,Male,144.235.130.190,777-36-4353,07-421-5170,Operative stable circuit
188,Ryan,Gonzales,rgonzales57@cnet.com,Male,196.18.4.46,465-87-8253,29-056-0580,Front-line bifurcated portal
189,Sean,Porter,sporter58@cpanel.net,Male,38.48.92.176,407-76-8598,79-311-7270,Future-proofed real-time throughput
190,Clarence,Sullivan,csullivan59@diigo.com,Male,119.166.189.35,750-56-6191,04-058-1286,Team-oriented 5th generation software
191,Bonnie,Warren,bwarren5a@parallels.com,Female,100.133.150.205,619-19-5911,55-140-8064,Stand-alone interactive solution
192,Louis,Wallace,lwallace5b@ask.com,Male,166.251.39.197,977-08-7563,55-298-6406,Managed dynamic neural-net
193,Paul,Montgomery,pmontgomery5c@cloudflare.com,Male,110.172.194.134,577-62-1741,25-384-4225,Secured system-worthy project
194,Charles,Williamson,cwilliamson5d@ameblo.jp,Male,24.200.104.95,993-09-8845,97-239-0474,Open-source exuding synergy
195,Adam,Sanchez,asanchez5e@fc2.com,Male,150.189.44.52,314-04-1412,88-451-3058,Networked 24 hour hub
196,Sarah,Henry,shenry5f@reverbnation.com,Female,125.52.115.27,502-27-9457,95-895-4685,Team-oriented analyzing function
197,Carl,Wheeler,cwheeler5g@goo.gl,Male,65.164.108.189,649-73-9209,43-799-0582,Customer-focused uniform system engine
198,Tina,Carroll,tcarroll5h@homestead.com,Female,166.61.47.199,103-10-1528,33-115-4627,Implemented bottom-line definition
199,Doris,Nelson,dnelson5i@dailymotion.com,Female,242.45.186.77,344-60-6653,20-594-1768,Business-focused 3rd generation support
200,Julie,Peters,jpeters5j@twitpic.com,Female,240.84.57.88,308-55-8252,26-716-7974,Digitized real-time definition
201,David,Bennett,dbennett5k@list-manage.com,Male,10.138.124.136,747-97-6922,61-885-5376,Monitored interactive encryption
202,Mark,Chavez,mchavez5l@taobao.com,Male,0.142.90.199,559-87-1901,09-293-4685,User-friendly 5th generation groupware
203,Jeremy,Bowman,jbowman5m@va.gov,Male,112.169.221.105,751-20-6129,36-968-6230,Focused encompassing infrastructure
204,Bobby,Cooper,bcooper5n@elpais.com,Male,126.192.44.233,567-62-3590,36-654-0789,Multi-tiered client-server leverage
205,Adam,Carroll,acarroll5o@mail.ru,Male,96.49.188.218,285-27-0709,75-209-2464,Fully-configurable exuding installation
206,Joyce,Knight,jknight5p@ehow.com,Female,90.28.67.186,115-90-5196,48-675-5775,Multi-layered bottom-line hierarchy
207,Christopher,Mcdonald,cmcdonald5q@jugem.jp,Male,215.23.198.209,512-16-8656,03-303-3810,Fundamental optimizing middleware
208,Harold,Reid,hreid5r@prweb.com,Male,16.46.88.169,855-35-5633,94-579-3922,Extended multimedia matrices
209,Mary,Black,mblack5s@archive.org,Female,207.27.194.144,414-58-8255,12-177-4073,Focused multimedia contingency
210,Heather,Stanley,hstanley5t@nih.gov,Female,228.179.29.204,555-24-7687,80-109-8972,Pre-emptive upward-trending algorithm
211,Alice,Baker,abaker5u@miibeian.gov.cn,Female,153.150.145.183,606-50-6363,60-704-6811,Right-sized bottom-line service-desk
212,Roger,Nelson,rnelson5v@bing.com,Male,32.168.120.223,270-53-0115,36-135-2985,Universal upward-trending portal
213,Tammy,Hunt,thunt5w@addtoany.com,Female,203.57.243.255,837-72-8862,67-951-8162,Ergonomic coherent portal
214,Joseph,Rogers,jrogers5x@cam.ac.uk,Male,147.200.88.246,519-09-4177,94-353-2992,Synergized regional paradigm
215,Kelly,Gordon,kgordon5y@bandcamp.com,Female,112.92.67.13,389-27-8078,68-112-1643,Team-oriented heuristic middleware
216,Victor,Bailey,vbailey5z@theglobeandmail.com,Male,7.16.196.58,109-20-9299,26-625-7167,Assimilated tertiary parallelism
217,Howard,Peters,hpeters60@desdev.cn,Male,253.139.45.121,597-38-2283,18-954-3621,Down-sized discrete database
218,Kimberly,Carter,kcarter61@twitpic.com,Female,43.165.220.102,785-98-7946,86-837-3702,Quality-focused multi-state instruction set
219,Earl,Fields,efields62@jigsy.com,Male,174.28.142.171,186-56-7811,53-559-6421,Seamless web-enabled capacity
220,Julie,Ruiz,jruiz63@tinypic.com,Female,33.253.10.196,197-27-1145,94-502-4384,Digitized fresh-thinking synergy
221,Todd,Daniels,tdaniels64@irs.gov,Male,27.253.143.47,480-34-6180,07-182-6406,Managed system-worthy model
222,Chris,Anderson,canderson65@gmpg.org,Male,173.221.83.82,640-46-9221,35-136-7485,Streamlined needs-based ability
223,Elizabeth,Coleman,ecoleman66@bloglovin.com,Female,151.228.247.37,562-24-2782,62-412-4398,User-friendly tangible Graphical User Interface
224,Jeremy,Adams,jadams67@dagondesign.com,Male,26.97.10.51,450-02-1471,60-800-9092,Proactive neutral capacity
225,Kenneth,Cruz,kcruz68@cloudflare.com,Male,145.237.174.181,185-79-7989,13-260-2744,Future-proofed web-enabled task-force
226,Albert,Flores,aflores69@census.gov,Male,44.54.55.185,665-48-0667,83-550-6906,Reverse-engineered web-enabled adapter
227,Theresa,Weaver,tweaver6a@businessinsider.com,Female,43.46.233.119,906-80-6367,62-953-4411,Future-proofed motivating productivity
228,Walter,Morrison,wmorrison6b@adobe.com,Male,92.252.214.197,472-95-8030,55-894-7696,Enhanced multi-state concept
229,Henry,Price,hprice6c@biglobe.ne.jp,Male,154.3.77.159,350-81-7397,37-777-8078,Up-sized even-keeled monitoring
230,Kathryn,George,kgeorge6d@fda.gov,Female,82.233.105.35,162-94-7414,29-112-6479,Ergonomic directional instruction set
231,Andrea,Perkins,aperkins6e@drupal.org,Female,142.43.187.68,430-18-5327,22-041-7356,Monitored cohesive analyzer
232,Sara,Rogers,srogers6f@spiegel.de,Female,102.190.162.112,858-19-4624,18-911-0831,Polarised interactive encryption
233,Todd,Wells,twells6g@redcross.org,Male,252.173.221.87,594-56-4489,01-386-5947,Extended heuristic encoding
234,Johnny,Jackson,jjackson6h@yahoo.com,Male,250.243.76.59,822-25-4617,80-115-6986,Versatile human-resource budgetary management
235,Matthew,Peterson,mpeterson6i@yellowpages.com,Male,126.153.119.172,688-14-1431,69-896-3940,Optional systemic secured line
236,Ernest,Ortiz,eortiz6j@barnesandnoble.com,Male,139.68.205.240,750-96-8474,98-142-2610,Optional systematic neural-net
237,Antonio,Johnston,ajohnston6k@mtv.com,Male,199.245.53.93,499-41-6770,71-909-9444,Multi-tiered homogeneous core
238,Juan,Rodriguez,jrodriguez6l@hc360.com,Male,60.71.139.201,454-84-4085,66-110-0043,Profound bifurcated array
239,Kathryn,Hunt,khunt6m@apache.org,Female,25.117.51.24,525-79-9561,53-215-9518,Configurable 24/7 attitude
240,Martin,Jackson,mjackson6n@gnu.org,Male,25.185.113.182,503-00-4507,59-794-0493,Open-source reciprocal circuit
241,Debra,Collins,dcollins6o@taobao.com,Female,205.64.109.52,342-64-4226,70-183-1468,Integrated zero defect open system
242,Denise,Lawrence,dlawrence6p@mlb.com,Female,64.129.157.186,471-09-6753,01-535-8721,Grass-roots responsive support
243,Ashley,Bowman,abowman6q@studiopress.com,Female,204.218.193.195,410-68-5294,63-440-8684,Sharable static hardware
244,Matthew,Jackson,mjackson6r@netlog.com,Male,52.33.52.229,931-56-9471,57-711-3394,Mandatory systemic budgetary management
245,Louis,Cole,lcole6s@usa.gov,Male,2.15.238.57,507-45-2494,34-223-7854,Switchable grid-enabled benchmark
246,Carolyn,Lynch,clynch6t@icq.com,Female,45.195.54.107,740-20-2755,76-365-1444,Open-architected tertiary local area network
247,Shirley,Fowler,sfowler6u@usnews.com,Female,96.185.116.141,116-73-6298,01-097-9104,Multi-lateral transitional capability
248,Robin,Romero,rromero6v@people.com.cn,Female,149.6.49.28,561-87-2495,78-131-9594,Organic even-keeled benchmark
249,Anne,Fox,afox6w@auda.org.au,Female,2.192.13.84,894-79-5703,56-045-8092,Monitored optimizing definition
250,Robert,Miller,rmiller6x@ca.gov,Male,241.131.210.132,825-26-0608,74-395-3434,Synergistic solution-oriented product
251,Christopher,Morris,cmorris6y@wikimedia.org,Male,6.146.168.252,560-87-8773,73-659-8830,Up-sized optimal core
252,Joan,Fuller,jfuller6z@vkontakte.ru,Female,67.87.220.199,454-17-6750,60-296-2668,Managed attitude-oriented intranet
253,Heather,Cooper,hcooper70@nymag.com,Female,45.118.117.245,950-96-1479,08-152-9202,Reverse-engineered fault-tolerant internet solution
254,Bruce,Howard,bhoward71@dyndns.org,Male,141.241.212.0,830-96-1453,72-787-0872,Expanded high-level focus group
255,Amy,Mitchell,amitchell72@homestead.com,Female,253.173.155.116,265-75-1773,26-580-3212,Phased discrete installation
256,Ronald,Kim,rkim73@wikimedia.org,Male,169.35.230.3,981-69-8434,17-808-9889,Open-architected value-added utilisation
257,Joan,Marshall,jmarshall74@ovh.net,Female,196.220.135.15,698-03-3963,56-922-3472,Operative heuristic architecture
258,Joyce,Gonzalez,jgonzalez75@cnbc.com,Female,53.96.63.39,416-54-1527,07-574-8346,Decentralized demand-driven instruction set
259,Tina,Bennett,tbennett76@pagesperso-orange.fr,Female,27.238.47.43,486-31-3646,86-413-4065,Polarised modular policy
260,Jimmy,Green,jgreen77@mediafire.com,Male,39.5.22.164,115-58-0917,03-372-6210,De-engineered grid-enabled matrix
261,Russell,Thomas,rthomas78@cdbaby.com,Male,5.189.8.201,540-45-7418,83-710-3876,Decentralized even-keeled standardization
262,Heather,Rose,hrose79@unicef.org,Female,203.92.82.66,576-29-6438,57-099-9481,Face to face optimizing policy
263,Shirley,Morris,smorris7a@storify.com,Female,227.117.98.84,400-40-5822,76-117-9825,Devolved grid-enabled emulation
264,Mary,Bishop,mbishop7b@huffingtonpost.com,Female,41.244.65.175,238-61-7029,81-356-4524,Devolved cohesive concept
265,Bonnie,Williams,bwilliams7c@hostgator.com,Female,45.60.57.20,886-81-9832,01-233-0549,Balanced optimal orchestration
266,Sarah,Berry,sberry7d@hubpages.com,Female,32.183.140.115,162-79-2623,03-847-4731,Open-source static artificial intelligence
267,Nicholas,Fuller,nfuller7e@hatena.ne.jp,Male,45.110.246.155,407-70-0875,91-098-1793,Enterprise-wide secondary neural-net
268,Scott,Roberts,sroberts7f@bizjournals.com,Male,229.25.17.34,133-34-1313,01-913-3954,Networked contextually-based matrix
269,Sara,Schmidt,sschmidt7g@google.es,Female,50.44.135.54,459-97-7474,56-791-4828,Persistent impactful neural-net
270,David,Mason,dmason7h@ebay.com,Male,170.84.3.13,108-23-0925,91-662-4984,Grass-roots motivating process improvement
271,Ruby,Fernandez,rfernandez7i@yahoo.com,Female,242.245.167.132,203-48-3577,37-376-2606,Versatile zero defect infrastructure
272,Robert,Oliver,roliver7j@economist.com,Male,10.83.171.201,496-61-5406,74-748-0655,Self-enabling heuristic superstructure
273,Amy,Palmer,apalmer7k@amazon.co.uk,Female,211.172.11.31,445-61-1510,25-619-5621,Customizable static service-desk
274,Nancy,Sanders,nsanders7l@icio.us,Female,189.250.249.237,261-66-0554,65-489-4476,Operative fresh-thinking data-warehouse
275,Kevin,Stewart,kstewart7m@ifeng.com,Male,148.17.163.136,849-75-4697,54-254-0913,Multi-tiered multi-tasking hardware
276,Gloria,Bishop,gbishop7n@elpais.com,Female,49.159.58.121,945-10-7180,64-725-1086,Programmable full-range synergy
277,Diana,Boyd,dboyd7o@smugmug.com,Female,38.13.171.225,224-04-1237,20-789-0655,Open-architected clear-thinking instruction set
278,Cheryl,Lopez,clopez7p@ox.ac.uk,Female,77.95.71.222,152-47-6628,49-604-2503,Multi-lateral directional paradigm
279,Albert,Smith,asmith7q@cloudflare.com,Male,5.212.200.43,663-14-9860,92-798-4398,Focused full-range software
280,Melissa,Watson,mwatson7r@tiny.cc,Female,63.101.64.199,925-28-9393,10-365-2885,Business-focused zero defect firmware
281,Eric,Wheeler,ewheeler7s@mail.ru,Male,150.82.94.126,953-15-7173,52-296-9336,Inverse systemic customer loyalty
282,Frances,Phillips,fphillips7t@cbc.ca,Female,120.142.21.193,808-63-4074,93-140-7414,Grass-roots discrete customer loyalty
283,Jonathan,White,jwhite7u@jiathis.com,Male,92.206.134.88,875-72-7692,84-490-0078,Cross-platform composite encoding
284,Diane,Tucker,dtucker7v@comsenz.com,Female,190.126.242.26,641-96-7065,21-462-6605,Digitized well-modulated instruction set
285,Thomas,Ford,tford7w@deliciousdays.com,Male,148.254.179.4,128-56-9353,66-153-7871,Secured transitional contingency
286,Randy,George,rgeorge7x@europa.eu,Male,107.223.176.250,819-46-7357,91-135-1665,Horizontal next generation orchestration
287,Louise,Carr,lcarr7y@ucoz.ru,Female,150.227.233.217,319-75-8383,81-644-4854,Customer-focused stable hardware
288,Fred,Andrews,fandrews7z@dmoz.org,Male,52.171.88.159,276-56-8055,16-168-9038,Quality-focused regional system engine
289,Ryan,Brooks,rbrooks80@tiny.cc,Male,70.32.24.131,543-26-7924,61-087-3291,Multi-tiered fault-tolerant initiative
290,Brian,Lynch,blynch81@comsenz.com,Male,173.166.122.106,928-54-7917,02-701-3654,Monitored directional collaboration
291,Matthew,Russell,mrussell82@fema.gov,Male,6.202.119.178,949-87-4087,61-832-3398,Versatile tertiary functionalities
292,Richard,Mccoy,rmccoy83@zimbio.com,Male,220.54.133.155,567-72-7642,93-749-1367,Polarised full-range secured line
293,Jack,Olson,jolson84@posterous.com,Male,41.175.243.38,631-25-8067,24-339-1789,Decentralized impactful parallelism
294,Sharon,Jacobs,sjacobs85@chicagotribune.com,Female,26.229.130.26,304-44-3694,52-114-2147,Adaptive coherent firmware
295,Kathryn,Graham,kgraham86@wunderground.com,Female,193.220.89.47,381-96-8001,79-403-5293,Vision-oriented impactful success
296,Virginia,James,vjames87@vkontakte.ru,Female,6.130.4.206,191-04-5284,33-742-4299,Optimized secondary strategy
297,Nicole,Carpenter,ncarpenter88@wisc.edu,Female,239.94.16.59,554-61-3759,46-904-2648,Centralized real-time strategy
298,Ashley,Cunningham,acunningham89@chron.com,Female,94.96.22.191,948-68-8192,48-732-1012,Stand-alone fault-tolerant success
299,Diane,Kennedy,dkennedy8a@mail.ru,Female,204.131.161.156,214-58-7876,98-430-6492,Total multi-state conglomeration
300,Patrick,Long,plong8b@quantcast.com,Male,227.127.177.49,200-59-8756,07-973-8642,Advanced leading edge interface
301,Emily,Reyes,ereyes8c@hatena.ne.jp,Female,172.209.91.111,201-32-9224,03-541-8956,Ergonomic contextually-based pricing structure
302,Henry,Lane,hlane8d@webeden.co.uk,Male,244.39.135.208,621-92-4580,05-916-6533,Networked optimizing installation
303,Michael,Gibson,mgibson8e@usnews.com,Male,219.12.133.111,307-12-5135,01-044-3556,Enhanced contextually-based open architecture
304,Donna,Johnson,djohnson8f@shareasale.com,Female,11.20.43.176,258-78-6671,60-583-4327,Persistent coherent standardization
305,Doris,Carroll,dcarroll8g@zdnet.com,Female,171.23.78.74,341-11-7170,06-072-4293,Versatile solution-oriented flexibility
306,Willie,Hayes,whayes8h@marketwatch.com,Male,6.172.179.14,902-57-8926,23-180-1193,Re-contextualized multimedia customer loyalty
307,Deborah,Moreno,dmoreno8i@typepad.com,Female,238.243.62.98,767-08-2563,65-021-7626,Open-source demand-driven analyzer
308,Frank,Jordan,fjordan8j@behance.net,Male,251.148.89.246,228-02-6240,66-082-5477,Fundamental interactive data-warehouse
309,Jennifer,Fox,jfox8k@csmonitor.com,Female,222.136.131.77,665-99-6304,75-651-3112,Expanded disintermediate superstructure
310,Todd,West,twest8l@csmonitor.com,Male,181.101.249.254,878-43-0904,42-746-4467,Decentralized cohesive focus group
311,Andrew,Barnes,abarnes8m@ihg.com,Male,104.155.25.133,386-22-8939,14-552-6500,Advanced bottom-line capability
312,Alice,Hernandez,ahernandez8n@bloglovin.com,Female,166.56.99.227,576-09-1068,18-685-0301,Organized optimizing superstructure
313,Heather,Gomez,hgomez8o@redcross.org,Female,128.143.107.38,685-71-0203,91-412-0477,Quality-focused even-keeled interface
314,Raymond,Garrett,rgarrett8p@51.la,Male,46.49.14.213,853-66-8363,81-062-1065,Up-sized upward-trending capability
315,Richard,Murphy,rmurphy8q@ameblo.jp,Male,8.210.37.103,476-98-2171,27-143-6183,Re-contextualized 24 hour parallelism
316,Ruby,Rogers,rrogers8r@booking.com,Female,44.236.253.203,793-14-7857,34-997-2515,Decentralized dynamic pricing structure
317,Joyce,Hanson,jhanson8s@virginia.edu,Female,255.128.148.83,944-85-5734,30-514-0942,Profit-focused reciprocal collaboration
318,Justin,Matthews,jmatthews8t@weather.com,Male,84.192.48.21,965-66-7287,62-932-7515,Cross-platform full-range data-warehouse
319,Craig,Riley,criley8u@biblegateway.com,Male,164.133.44.201,547-25-7224,05-916-4739,Implemented user-facing adapter
320,Eric,Griffin,egriffin8v@ustream.tv,Male,53.36.191.127,540-66-9047,91-732-7818,Synergized exuding structure
321,Louis,Jones,ljones8w@nsw.gov.au,Male,83.242.108.64,527-75-3230,90-998-0122,Programmable background secured line
322,Carol,Peters,cpeters8x@epa.gov,Female,204.50.177.5,544-44-9382,23-248-2939,Secured clear-thinking algorithm
323,Janet,Ellis,jellis8y@rakuten.co.jp,Female,201.160.22.24,574-13-8224,02-452-6939,Focused contextually-based encoding
324,Marie,Hart,mhart8z@amazon.com,Female,46.122.254.24,258-93-5746,57-734-0302,Decentralized contextually-based workforce
325,Alan,Shaw,ashaw90@ucsd.edu,Male,189.221.74.22,926-14-1217,24-252-2387,Proactive 4th generation infrastructure
326,Jose,Thompson,jthompson91@t-online.de,Male,235.220.221.233,930-38-2524,61-432-9678,Programmable optimizing software
327,Todd,Carter,tcarter92@homestead.com,Male,179.241.239.114,604-54-2239,88-266-8479,Innovative static instruction set
328,Phyllis,Griffin,pgriffin93@cbslocal.com,Female,200.138.138.70,935-44-6919,29-893-7966,Balanced directional toolset
329,Peter,Kennedy,pkennedy94@jiathis.com,Male,88.86.220.217,488-12-5238,75-486-0278,Organic hybrid encoding
330,Linda,Mitchell,lmitchell95@msu.edu,Female,129.62.3.50,943-73-6357,60-673-7410,Versatile stable portal
331,Lillian,Pierce,lpierce96@newyorker.com,Female,67.155.2.59,574-24-3179,36-864-3719,Team-oriented value-added installation
332,Denise,Cunningham,dcunningham97@wikispaces.com,Female,173.156.92.108,696-24-8544,62-569-9724,Quality-focused intermediate interface
333,Paul,Cole,pcole98@usda.gov,Male,81.136.101.126,647-95-8879,00-400-1919,Switchable motivating archive
334,Raymond,Hamilton,rhamilton99@etsy.com,Male,183.253.15.250,994-64-2326,64-517-2692,Synchronised systematic encryption
335,Sean,Dunn,sdunn9a@si.edu,Male,244.99.241.98,951-54-6919,25-168-7481,Balanced discrete synergy
336,Maria,Henry,mhenry9b@163.com,Female,67.194.214.246,498-36-2357,41-062-5124,Centralized impactful challenge
337,Albert,Black,ablack9c@sitemeter.com,Male,195.76.209.214,406-60-8392,74-014-9773,Re-contextualized composite system engine
338,Laura,Russell,lrussell9d@mashable.com,Female,9.194.140.41,212-05-4161,26-949-7108,Upgradable grid-enabled knowledge base
339,Karen,Dunn,kdunn9e@berkeley.edu,Female,75.230.128.184,197-77-2403,46-197-5816,Open-source bi-directional open architecture
340,Stephen,Gray,sgray9f@usgs.gov,Male,60.188.197.131,546-70-8662,21-966-3767,Advanced dynamic Graphic Interface
341,Karen,King,kking9g@1und1.de,Female,176.231.18.106,439-54-2967,98-609-0709,Expanded analyzing utilisation
342,Anna,Watkins,awatkins9h@slate.com,Female,138.210.120.129,541-43-3921,62-663-4900,Cross-group zero administration help-desk
343,Edward,Carroll,ecarroll9i@facebook.com,Male,38.27.243.226,567-12-2922,77-138-3233,Polarised local model
344,Kevin,Ramos,kramos9j@pagesperso-orange.fr,Male,179.24.173.196,732-59-3051,91-168-4688,Optimized optimal solution
345,Carlos,Wood,cwood9k@unc.edu,Male,101.187.180.51,723-95-5957,66-313-8477,Stand-alone composite extranet
346,Johnny,Franklin,jfranklin9l@hao123.com,Male,41.129.76.63,630-15-0183,75-857-9559,Public-key reciprocal product
347,Robert,Bennett,rbennett9m@free.fr,Male,118.200.194.113,354-58-1205,54-014-9399,Total high-level product
348,Matthew,Coleman,mcoleman9n@liveinternet.ru,Male,20.17.142.78,236-60-4794,38-152-5907,Exclusive homogeneous website
349,Pamela,Ray,pray9o@wikia.com,Female,246.115.174.130,613-56-3586,30-822-1154,Adaptive fault-tolerant approach
350,Susan,Jackson,sjackson9p@hhs.gov,Female,96.109.50.101,904-03-6885,51-883-3978,De-engineered global parallelism
351,Justin,Bailey,jbailey9q@google.pl,Male,163.132.83.9,154-25-0754,20-053-4066,Sharable web-enabled encryption
352,Carlos,Diaz,cdiaz9r@skyrock.com,Male,120.225.10.44,147-82-6106,98-194-8540,Operative optimal moderator
353,Amy,Anderson,aanderson9s@macromedia.com,Female,161.197.2.164,228-06-8523,18-147-9410,Adaptive bi-directional implementation
354,Matthew,Chavez,mchavez9t@ihg.com,Male,98.195.215.44,115-81-7202,02-626-2323,Virtual maximized conglomeration
355,John,Owens,jowens9u@gravatar.com,Male,113.56.94.187,148-81-4023,68-829-5185,Implemented hybrid application
356,Shawn,Jacobs,sjacobs9v@buzzfeed.com,Male,170.149.36.15,265-49-3577,53-056-3926,Automated context-sensitive workforce
357,Roger,Rivera,rrivera9w@sciencedirect.com,Male,22.88.191.78,941-90-9956,78-728-0967,Synchronised directional complexity
358,Debra,Matthews,dmatthews9x@huffingtonpost.com,Female,107.29.24.18,861-80-7118,52-926-1193,Mandatory composite contingency
359,Martha,Stevens,mstevens9y@networkadvertising.org,Female,112.134.79.174,296-89-6011,52-988-6123,Managed even-keeled moderator
360,Clarence,Wells,cwells9z@webs.com,Male,161.52.207.136,519-25-9558,84-734-1550,Persevering modular secured line
361,Judith,Bradley,jbradleya0@odnoklassniki.ru,Female,156.122.65.189,814-23-7911,80-590-6321,Seamless object-oriented artificial intelligence
362,Doris,Gibson,dgibsona1@usgs.gov,Female,124.89.247.186,395-54-3726,02-527-2772,Distributed 4th generation service-desk
363,Victor,Young,vyounga2@uiuc.edu,Male,125.104.82.118,771-89-0114,64-303-0864,Enhanced regional contingency
364,Earl,Andrews,eandrewsa3@youtube.com,Male,104.116.226.201,631-59-1692,01-582-6437,Monitored grid-enabled task-force
365,Christopher,Willis,cwillisa4@digg.com,Male,182.80.17.187,976-78-7580,22-229-0365,Distributed mobile definition
366,Helen,Harvey,hharveya5@issuu.com,Female,192.118.28.185,504-73-3540,28-306-9127,Up-sized tangible architecture
367,Gary,Owens,gowensa6@photobucket.com,Male,98.95.179.252,722-41-2157,75-803-2118,Focused incremental website
368,Russell,Patterson,rpattersona7@who.int,Male,76.60.192.159,667-90-7262,23-275-6427,Multi-channelled next generation time-frame
369,Joshua,Ruiz,jruiza8@berkeley.edu,Male,9.233.104.53,854-42-5133,43-164-5255,Multi-tiered incremental database
370,Lori,Cox,lcoxa9@exblog.jp,Female,23.101.150.243,436-51-4569,43-325-0350,Monitored methodical migration
371,Steve,Kelly,skellyaa@e-recht24.de,Male,26.31.183.35,877-17-5851,04-534-7183,Devolved bandwidth-monitored frame
372,Anthony,Fields,afieldsab@dyndns.org,Male,122.181.24.91,543-43-0851,01-151-5734,Balanced attitude-oriented throughput
373,Jack,Little,jlittleac@privacy.gov.au,Male,92.183.31.122,902-22-9080,14-441-8183,Digitized multi-state extranet
374,Russell,Martinez,rmartinezad@weather.com,Male,159.232.177.205,862-70-3669,98-724-0429,Switchable content-based installation
375,Ryan,Williamson,rwilliamsonae@wix.com,Male,147.76.158.162,927-32-2988,46-309-6228,Reverse-engineered hybrid archive
376,Julie,Ryan,jryanaf@cisco.com,Female,21.91.218.240,278-12-2495,31-091-5662,Synergized client-driven synergy
377,Ryan,Stephens,rstephensag@qq.com,Male,13.254.195.39,201-56-9665,63-913-8245,Centralized eco-centric complexity
378,Clarence,Cruz,ccruzah@icio.us,Male,231.130.247.233,252-42-8601,01-754-4406,Down-sized client-server process improvement
379,Barbara,Turner,bturnerai@simplemachines.org,Female,7.45.250.37,738-32-5322,19-755-6060,User-centric needs-based application
380,Pamela,Green,pgreenaj@sun.com,Female,129.21.252.94,736-43-3253,45-641-0159,Re-contextualized holistic access
381,Eric,Lee,eleeak@networkadvertising.org,Male,138.242.202.48,387-72-2223,48-890-5518,Triple-buffered multi-state productivity
382,Johnny,Romero,jromeroal@deliciousdays.com,Male,39.12.99.58,502-94-2491,30-867-6713,Multi-channelled multi-state process improvement
383,Keith,James,kjamesam@vk.com,Male,58.148.250.68,200-29-1000,71-723-0140,Down-sized context-sensitive middleware
384,Randy,Hudson,rhudsonan@mozilla.org,Male,45.184.229.89,767-64-0691,55-570-9861,Secured contextually-based adapter
385,Russell,Sanders,rsandersao@scientificamerican.com,Male,238.231.220.91,109-77-4714,88-112-6250,Programmable solution-oriented orchestration
386,Deborah,Freeman,dfreemanap@businessweek.com,Female,136.117.135.116,736-62-6462,89-272-3954,Grass-roots leading edge circuit
387,Arthur,West,awestaq@cbsnews.com,Male,214.83.218.119,164-60-3955,70-796-9635,Visionary system-worthy product
388,Michelle,Hunt,mhuntar@163.com,Female,88.226.24.153,300-44-6911,31-917-8571,Advanced stable firmware
389,Michael,Lewis,mlewisas@vk.com,Male,229.99.56.40,532-67-9260,02-010-7852,Stand-alone cohesive implementation
390,Roy,Ray,rrayat@sphinn.com,Male,136.124.39.140,589-09-5466,64-265-9527,Adaptive next generation strategy
391,Andrew,Simpson,asimpsonau@abc.net.au,Male,233.201.108.237,188-05-7643,66-443-9976,Universal multi-state neural-net
392,Edward,Morgan,emorganav@ask.com,Male,53.216.143.5,268-96-5563,35-822-3476,Focused upward-trending protocol
393,Timothy,Howard,thowardaw@pagesperso-orange.fr,Male,169.148.148.108,247-69-3333,44-612-7073,Re-contextualized foreground conglomeration
394,Andrea,Taylor,ataylorax@answers.com,Female,9.49.238.236,843-38-6641,87-061-7159,Public-key foreground middleware
395,Fred,Hernandez,fhernandezay@shareasale.com,Male,116.117.36.108,888-06-2777,55-593-6496,Assimilated client-driven infrastructure
396,Richard,Boyd,rboydaz@hp.com,Male,114.71.49.203,612-25-9244,61-384-3038,Customizable cohesive groupware
397,Nancy,Davis,ndavisb0@prnewswire.com,Female,15.28.121.42,965-49-8473,06-133-3493,Persevering responsive Graphic Interface
398,Donald,Sims,dsimsb1@tiny.cc,Male,66.223.165.91,729-99-1384,48-702-9043,Decentralized dynamic structure
399,Anna,Tucker,atuckerb2@cloudflare.com,Female,168.120.1.49,656-61-1378,99-127-8656,Programmable didactic parallelism
400,Phyllis,Rogers,progersb3@desdev.cn,Female,171.115.2.148,167-59-1175,65-179-6371,Up-sized upward-trending circuit
401,Roger,King,rkingb4@unblog.fr,Male,209.230.147.31,612-36-5349,23-709-5539,Inverse intermediate success
402,Carol,Bradley,cbradleyb5@tumblr.com,Female,240.173.104.1,972-23-0802,88-220-8551,Progressive well-modulated algorithm
403,Joan,Bradley,jbradleyb6@aboutads.info,Female,186.229.250.228,284-14-6475,35-210-9141,Down-sized disintermediate circuit
404,John,Morales,jmoralesb7@elpais.com,Male,171.159.177.99,862-69-4453,07-356-4120,Reverse-engineered object-oriented hierarchy
405,George,Lane,glaneb8@businessinsider.com,Male,160.237.182.229,150-09-5393,06-476-9100,Fundamental interactive capability
406,Walter,Richardson,wrichardsonb9@mapy.cz,Male,102.130.100.68,758-50-0261,46-914-1815,Virtual logistical encoding
407,Mark,Porter,mporterba@topsy.com,Male,38.17.21.53,992-21-2450,85-598-2805,Organized responsive encryption
408,Jane,Cunningham,jcunninghambb@wiley.com,Female,240.135.10.10,873-42-8712,79-885-6449,Future-proofed motivating conglomeration
409,Michelle,Howell,mhowellbc@mit.edu,Female,113.119.71.231,427-42-3842,62-725-5482,Cross-group directional analyzer
410,Ashley,Henry,ahenrybd@printfriendly.com,Female,118.162.135.233,925-42-0045,99-251-7523,Progressive 24/7 artificial intelligence
411,Judith,Carr,jcarrbe@wikimedia.org,Female,58.209.103.69,264-09-3603,89-112-4551,Proactive intangible matrix
412,Chris,Carter,ccarterbf@reuters.com,Male,11.222.183.68,991-46-3239,23-247-1512,Expanded bottom-line forecast
413,Jane,Shaw,jshawbg@bluehost.com,Female,105.212.117.217,505-11-9804,05-975-0826,Reduced scalable initiative
414,Ronald,Carpenter,rcarpenterbh@ameblo.jp,Male,94.129.225.217,781-88-4865,29-187-6706,Synergistic intermediate process improvement
415,Brenda,Turner,bturnerbi@comcast.net,Female,194.59.59.199,823-82-5046,51-127-4019,Integrated hybrid product
416,Debra,Harris,dharrisbj@lulu.com,Female,97.150.119.29,825-80-4097,37-946-4325,Re-contextualized directional matrices
417,Steve,Long,slongbk@mac.com,Male,5.102.237.167,719-28-2767,55-063-2245,Ameliorated full-range internet solution
418,Gregory,Mendoza,gmendozabl@shareasale.com,Male,254.157.155.82,645-82-4346,96-538-5282,Operative contextually-based emulation
419,Denise,Medina,dmedinabm@odnoklassniki.ru,Female,26.138.54.8,176-22-4076,13-777-3782,Streamlined modular collaboration
420,Michael,Oliver,moliverbn@dmoz.org,Male,253.232.25.143,903-33-3825,76-618-9792,Cloned discrete moratorium
421,Ann,Hansen,ahansenbo@time.com,Female,120.160.73.22,486-44-9511,91-116-9465,Vision-oriented asymmetric circuit
422,Ralph,Reynolds,rreynoldsbp@mapy.cz,Male,140.70.83.115,302-85-9125,60-344-8171,User-centric multi-tasking artificial intelligence
423,Patricia,Carr,pcarrbq@hhs.gov,Female,28.127.98.176,857-39-4767,03-947-8739,Organized upward-trending artificial intelligence
424,Anne,Hansen,ahansenbr@dedecms.com,Female,19.198.198.23,783-46-7760,49-750-8871,User-friendly motivating initiative
425,Christine,Gonzales,cgonzalesbs@sina.com.cn,Female,0.107.204.86,256-20-2202,64-651-3592,Managed systematic toolset
426,Harold,Young,hyoungbt@biglobe.ne.jp,Male,179.218.151.82,766-33-9479,84-372-9762,Robust upward-trending monitoring
427,Albert,Gomez,agomezbu@bbc.co.uk,Male,79.93.193.186,218-59-4958,16-760-2852,Fundamental multimedia orchestration
428,Donald,Burton,dburtonbv@geocities.jp,Male,135.71.10.138,237-54-1330,99-408-3700,Enhanced clear-thinking portal
429,Patricia,Moore,pmoorebw@issuu.com,Female,111.150.12.40,609-54-0125,65-746-4993,De-engineered next generation Graphic Interface
430,Cheryl,Howell,chowellbx@cpanel.net,Female,178.157.105.69,311-68-0963,32-171-4772,Switchable didactic paradigm
431,Rachel,Howard,rhowardby@goo.ne.jp,Female,32.196.158.173,710-95-3775,78-047-8452,Polarised mission-critical conglomeration
432,Ruby,Henderson,rhendersonbz@domainmarket.com,Female,102.107.206.21,883-20-0300,67-036-3416,Reactive background software
433,Judith,Adams,jadamsc0@nps.gov,Female,49.233.216.69,559-88-1840,40-378-6649,Virtual next generation monitoring
434,Patrick,Stewart,pstewartc1@tumblr.com,Male,195.228.143.213,842-55-6241,18-476-5284,Upgradable clear-thinking migration
435,Steven,Morris,smorrisc2@over-blog.com,Male,80.103.142.11,920-73-8333,72-937-9856,Decentralized context-sensitive intranet
436,Andrew,Watson,awatsonc3@hostgator.com,Male,219.69.183.236,158-35-0691,09-752-7290,Open-architected human-resource function
437,Betty,Sanders,bsandersc4@buzzfeed.com,Female,7.108.47.238,364-24-2717,45-228-7783,Business-focused multi-tasking contingency
438,Janet,Wagner,jwagnerc5@mysql.com,Female,44.133.230.52,759-05-8668,59-011-8780,Realigned multi-state internet solution
439,Arthur,Hernandez,ahernandezc6@va.gov,Male,66.20.31.253,939-18-8158,86-399-4593,Phased bottom-line instruction set
440,Christine,Dunn,cdunnc7@ed.gov,Female,88.39.208.156,256-47-9601,69-290-9696,Programmable context-sensitive benchmark
441,Rachel,Sims,rsimsc8@statcounter.com,Female,189.40.62.145,369-92-8714,86-273-8886,Grass-roots demand-driven contingency
442,Shawn,Wallace,swallacec9@webeden.co.uk,Male,232.206.138.202,320-91-3337,53-019-1447,Synergistic real-time local area network
443,George,Kim,gkimca@dell.com,Male,6.80.76.154,186-19-3234,99-898-6855,Optional actuating paradigm
444,Elizabeth,Brown,ebrowncb@go.com,Female,44.78.9.141,857-75-8522,70-904-3821,Programmable high-level solution
445,Nancy,Banks,nbankscc@stanford.edu,Female,187.234.168.76,324-48-0818,37-835-7098,Face to face solution-oriented middleware
446,Martha,Duncan,mduncancd@digg.com,Female,216.4.164.125,948-91-1534,03-985-8934,Enhanced disintermediate throughput
447,Kathy,Snyder,ksnyderce@webnode.com,Female,168.104.133.220,665-61-4007,46-674-9539,Polarised maximized monitoring
448,Craig,Long,clongcf@soup.io,Male,68.36.54.233,270-29-6317,65-830-7712,Synergized uniform superstructure
449,Elizabeth,Lopez,elopezcg@china.com.cn,Female,250.8.6.137,292-51-3603,16-024-2651,Front-line national success
450,Julie,Jacobs,jjacobsch@oaic.gov.au,Female,200.24.8.105,461-74-0512,06-808-6659,User-friendly grid-enabled firmware
451,Joshua,Green,jgreenci@slideshare.net,Male,163.242.213.241,527-57-9084,78-319-3996,Monitored actuating workforce
452,Michael,Gray,mgraycj@g.co,Male,98.231.35.75,588-66-6131,12-266-7062,Adaptive leading edge definition
453,Lisa,Smith,lsmithck@census.gov,Female,143.66.230.120,151-77-4199,68-410-9527,Reverse-engineered global knowledge base
454,Debra,Foster,dfostercl@china.com.cn,Female,65.69.5.179,689-09-2248,91-914-5091,Function-based asymmetric project
455,Karen,Montgomery,kmontgomerycm@canalblog.com,Female,4.211.69.43,271-53-1438,97-056-0825,Persevering interactive matrices
456,Fred,Jones,fjonescn@cpanel.net,Male,143.102.26.0,964-14-1297,75-634-7019,Polarised radical data-warehouse
457,Howard,Garcia,hgarciaco@msn.com,Male,15.19.203.184,620-96-4307,59-992-2774,Multi-layered 6th generation throughput
458,Robert,Bennett,rbennettcp@liveinternet.ru,Male,9.102.234.89,543-72-1708,17-778-0609,Intuitive secondary application
459,Todd,Little,tlittlecq@cnn.com,Male,20.22.155.168,734-39-7305,10-259-8693,Customer-focused foreground contingency
460,Teresa,Washington,twashingtoncr@domainmarket.com,Female,7.16.124.182,885-48-3714,99-051-3298,De-engineered intermediate infrastructure
461,Jeffrey,Medina,jmedinacs@tripod.com,Male,28.204.90.82,992-95-6860,66-530-4628,Customizable maximized artificial intelligence
462,Gary,Phillips,gphillipsct@vimeo.com,Male,41.58.64.249,691-41-0659,01-433-7281,Fundamental needs-based core
463,Shawn,Willis,swilliscu@mediafire.com,Male,54.253.177.250,346-95-5005,99-752-4967,Virtual encompassing archive
464,Jacqueline,White,jwhitecv@canalblog.com,Female,121.240.89.20,562-92-5695,07-344-3524,Front-line zero administration intranet
465,Harry,Kelley,hkelleycw@networkadvertising.org,Male,10.198.103.229,297-72-8507,89-117-7348,Future-proofed tertiary knowledge user
466,Karen,Fox,kfoxcx@oakley.com,Female,18.134.237.119,341-43-0767,81-475-1723,Team-oriented real-time toolset
467,Arthur,Fowler,afowlercy@infoseek.co.jp,Male,150.159.18.120,585-82-4483,32-682-7065,Open-architected intangible moratorium
468,Teresa,Rogers,trogerscz@scientificamerican.com,Female,149.226.242.245,283-08-4143,79-639-4237,Proactive maximized capability
469,Beverly,Mccoy,bmccoyd0@blogs.com,Female,198.152.138.149,204-40-9131,17-661-3834,Cross-group grid-enabled definition
470,Martha,Grant,mgrantd1@people.com.cn,Female,199.156.201.161,800-59-5123,68-467-6225,Automated full-range concept
471,Joyce,Ellis,jellisd2@macromedia.com,Female,43.44.108.19,628-20-8048,55-081-9721,Up-sized 24 hour methodology
472,Frances,Nguyen,fnguyend3@histats.com,Female,40.38.76.85,716-60-8759,36-285-2590,Automated context-sensitive pricing structure
473,James,Vasquez,jvasquezd4@xinhuanet.com,Male,51.47.103.169,227-99-3985,12-178-3259,Exclusive upward-trending support
474,Daniel,Mendoza,dmendozad5@google.com.br,Male,116.72.140.0,287-64-0206,18-034-1281,Extended multi-state synergy
475,Kenneth,Hawkins,khawkinsd6@java.com,Male,222.175.85.218,319-49-3262,70-116-7033,Grass-roots foreground application
476,Karen,Cooper,kcooperd7@eventbrite.com,Female,26.150.232.153,544-23-4918,27-807-4543,Realigned system-worthy analyzer
477,Cynthia,Matthews,cmatthewsd8@livejournal.com,Female,134.71.192.147,354-65-5248,89-210-1410,Grass-roots motivating infrastructure
478,Robin,Oliver,roliverd9@hubpages.com,Female,95.205.150.38,205-20-3062,41-459-9097,Stand-alone directional flexibility
479,Tina,Morales,tmoralesda@flavors.me,Female,228.156.145.155,209-31-4408,05-793-3539,Re-engineered fresh-thinking extranet
480,Stephen,Alvarez,salvarezdb@desdev.cn,Male,72.234.112.111,574-68-3784,05-186-1413,Innovative hybrid Graphical User Interface
481,Nicholas,Rose,nrosedc@amazon.com,Male,128.3.48.167,379-15-6329,42-545-5986,Object-based high-level firmware
482,Carolyn,Day,cdaydd@upenn.edu,Female,190.19.85.37,366-98-6651,16-052-9496,Horizontal transitional application
483,Sandra,Hill,shillde@unblog.fr,Female,105.102.21.228,732-77-3194,20-051-5225,Team-oriented real-time initiative
484,Kenneth,Owens,kowensdf@friendfeed.com,Male,193.144.159.11,697-19-9739,73-043-3099,Reactive exuding hub
485,Willie,Rice,wricedg@mediafire.com,Male,244.0.204.240,281-10-6191,47-657-9185,Horizontal uniform architecture
486,Larry,Stone,lstonedh@ebay.co.uk,Male,184.125.60.43,939-12-6400,96-203-2293,Vision-oriented demand-driven policy
487,Timothy,Montgomery,tmontgomerydi@netscape.com,Male,87.20.183.73,377-73-1175,23-227-2251,Balanced optimal database
488,Joe,Johnston,jjohnstondj@photobucket.com,Male,82.136.80.7,976-00-2409,17-217-8454,Inverse neutral local area network
489,Donna,Weaver,dweaverdk@netvibes.com,Female,122.49.212.90,762-40-0231,74-676-9374,Down-sized hybrid extranet
490,Harry,Rogers,hrogersdl@infoseek.co.jp,Male,56.165.111.181,515-89-2735,25-052-3133,Customizable interactive support
491,Robert,Porter,rporterdm@flickr.com,Male,144.139.208.85,752-34-3284,39-734-7309,Cross-group web-enabled data-warehouse
492,Scott,Gomez,sgomezdn@seattletimes.com,Male,197.202.217.197,893-64-8959,94-487-8789,Secured systemic orchestration
493,Maria,Dixon,mdixondo@ed.gov,Female,25.66.71.107,818-40-0470,73-374-9318,Progressive dynamic instruction set
494,Antonio,Ortiz,aortizdp@shareasale.com,Male,221.80.118.50,188-42-3698,78-273-6685,Exclusive intangible capability
495,Donna,Moreno,dmorenodq@princeton.edu,Female,84.179.148.237,930-58-3500,25-409-7751,Inverse hybrid infrastructure
496,Walter,Porter,wporterdr@slashdot.org,Male,129.107.156.169,836-09-2806,75-921-3756,Vision-oriented zero tolerance frame
497,Henry,Carroll,hcarrollds@smugmug.com,Male,76.128.200.115,599-58-1403,79-234-7904,Networked solution-oriented knowledge base
498,Steven,Moreno,smorenodt@earthlink.net,Male,156.130.3.36,868-94-9748,25-226-6578,Pre-emptive 6th generation website
499,Donna,Ramos,dramosdu@opensource.org,Female,249.132.195.214,761-84-5495,23-093-7731,Visionary system-worthy forecast
500,Catherine,Phillips,cphillipsdv@myspace.com,Female,146.165.209.141,727-76-7487,23-797-7691,Ergonomic intangible superstructure
